entity-007342,entity-007343,entity-007344,entity-007345,,,,,
entity-007346,entity-007347,entity-007349,entity-007350,entity-007351,,,,
entity-007352,entity-007347,entity-007349,entity-007350,entity-007351,,,,
entity-007359,entity-007353,entity-007354,entity-007355,entity-007356,entity-007357,entity-007358,,
entity-007360,entity-007353,entity-007354,entity-007355,entity-007356,entity-007357,entity-007358,,
entity-000927,entity-007356,entity-007514,entity-007515,,,,,
entity-008233,entity-008238,,,,,,,
entity-003667,entity-002928,entity-007605,,,,,,
entity-008659,entity-002248,entity-008661,entity-008662,,,,,
entity-008663,entity-008664,entity-008665,entity-008666,entity-008667,entity-008668,entity-008669,,
entity-008671,entity-009210,entity-008677,entity-008679,,,,,
entity-008680,entity-008682,entity-008683,entity-008684,entity-007821,,,,
entity-008686,entity-008689,entity-008690,entity-008691,entity-008692,,,,
entity-003671,entity-003672,entity-003667,entity-008698,entity-008699,,,,
entity-008701,entity-008704,entity-004633,entity-008705,entity-008710,entity-004634,entity-008707,,
entity-008701,entity-008704,entity-004633,entity-008705,entity-008710,entity-004634,entity-008707,,
entity-008713,entity-008715,entity-008716,entity-008717,entity-008718,,,,
entity-008719,entity-008721,entity-008722,entity-000857,entity-008724,,,,
entity-008725,entity-008726,entity-008727,entity-008728,entity-008729,entity-008730,,,
entity-008731,entity-002157,entity-001487,entity-008732,entity-008733,,,,
entity-007755,entity-008734,entity-008735,entity-008736,entity-008737,entity-003674,,,
entity-008739,entity-008741,entity-008742,entity-008743,entity-008744,,,,
entity-008745,entity-008747,entity-008748,entity-008749,entity-000858,,,,
entity-008751,entity-008752,entity-008753,entity-008754,entity-008755,entity-008756,,,
entity-007356,entity-008759,entity-008760,entity-008761,entity-008762,,,,
entity-008763,entity-003676,entity-008764,entity-000829,entity-007606,,,,
entity-008763,entity-008765,entity-008766,entity-008767,entity-008768,entity-000829,,,
entity-008769,entity-008773,entity-008774,entity-008775,entity-008776,,,,
entity-008777,entity-008780,entity-008781,entity-008782,entity-008783,,,,
entity-008784,entity-008785,entity-008786,entity-008787,entity-008788,,,,
entity-008789,entity-008790,entity-008791,entity-008792,entity-008793,,,,
entity-008794,entity-004628,entity-004629,entity-008797,entity-008798,,,,
entity-008799,entity-008801,entity-008802,entity-008803,entity-008774,entity-008804,entity-008805,entity-010536,
entity-008806,entity-008807,entity-008808,entity-008809,entity-008810,entity-008811,,,
entity-008812,entity-008813,entity-008814,entity-008815,entity-008816,,,,
entity-008817,entity-008818,entity-008819,entity-008820,entity-008819,entity-008821,entity-008727,,
entity-008822,entity-008823,entity-008824,entity-000862,entity-008825,entity-008826,,,
entity-008827,entity-004626,entity-004627,entity-004628,entity-004629,,,,
entity-008418,entity-004626,entity-004627,entity-004628,entity-004629,,,,
entity-008829,entity-004626,entity-004627,entity-004628,entity-004629,,,,
entity-008831,entity-008833,entity-008834,entity-008835,entity-008754,,,,
entity-008836,entity-008837,entity-008838,entity-008839,entity-001931,,,,
entity-008840,entity-008845,entity-008846,,,,,,
entity-008847,entity-008849,entity-008850,entity-008851,entity-008852,entity-008853,entity-008854,,
entity-008855,entity-008858,entity-008859,,,,,,
entity-008860,entity-008862,entity-008863,entity-008864,entity-008865,,,,
entity-008866,entity-008868,entity-008869,entity-008870,entity-008871,entity-008872,entity-008873,,
entity-008875,entity-008876,entity-008729,entity-008877,entity-008878,entity-008879,entity-003683,entity-008879,entity-008880
entity-008881,entity-008787,entity-008883,entity-008884,entity-008885,,,,
entity-008886,entity-008887,entity-008838,entity-008888,entity-008889,entity-008889,,,
entity-008890,entity-008891,entity-008892,entity-008893,entity-008824,entity-009094,,,
entity-009095,entity-009099,entity-001167,entity-009100,entity-008824,,,,
entity-009101,entity-008787,entity-008824,entity-009102,entity-009103,,,,
entity-009104,entity-009105,entity-009106,entity-009107,entity-009108,entity-009109,,,
entity-009111,entity-004626,entity-004627,entity-009112,entity-004628,,,,
entity-009113,entity-008729,entity-008727,entity-009103,entity-009102,entity-008730,entity-009115,,
entity-009114,entity-008729,entity-008727,entity-009103,entity-009102,entity-008730,entity-009115,,
entity-009116,entity-002068,entity-009117,entity-009118,entity-009119,,,,
entity-009120,entity-009122,entity-009123,entity-008677,entity-009124,,,,
entity-009125,entity-009126,entity-009127,entity-013556,entity-009128,entity-009129,,,
entity-009133,entity-009134,entity-009135,entity-009136,entity-009137,,,,
entity-009138,entity-009139,entity-009140,entity-009141,entity-009142,,,,
entity-009143,entity-009145,entity-009146,entity-008727,entity-009147,,,,
entity-010526,entity-009148,entity-009149,entity-009150,entity-009151,,,,
entity-009152,entity-009154,entity-008883,entity-009155,entity-008787,,,,
entity-009156,entity-009158,entity-009159,entity-009160,entity-009161,,,,
entity-009162,entity-001468,entity-001167,entity-009164,entity-009165,entity-009166,,,
entity-009167,entity-009169,entity-009170,entity-009171,entity-009115,entity-001931,,,
entity-004630,entity-004631,entity-004632,entity-004633,entity-004634,entity-004635,,,
entity-009172,entity-004631,entity-004632,entity-004633,entity-004634,entity-004635,,,
entity-009174,entity-009175,entity-009176,entity-009177,entity-009178,entity-009179,entity-009180,,
entity-009181,entity-004636,entity-004637,entity-004638,entity-004639,entity-004640,,,
entity-009183,entity-004636,entity-004637,entity-004638,entity-004639,entity-004640,,,
entity-002049,entity-008787,entity-008883,entity-008884,entity-008885,,,,
entity-009188,entity-009190,entity-009198,entity-009199,entity-003701,entity-008801,,,
entity-009200,entity-009204,entity-009205,entity-009206,entity-009207,,,,
entity-002065,entity-009208,entity-009209,entity-009210,entity-009211,,,,
entity-009212,entity-009213,entity-009214,entity-009215,entity-009216,,,,
entity-009217,entity-009219,entity-009220,entity-009219,entity-009221,entity-009223,entity-009224,,
entity-002068,entity-002069,entity-002070,entity-009117,entity-009118,entity-009225,entity-009226,entity-009227,
entity-009228,entity-009230,entity-009231,entity-009232,entity-009233,entity-009234,entity-009234,entity-009235,
entity-009236,entity-009238,entity-009239,entity-009240,entity-009241,,,,
entity-009242,entity-008787,entity-009244,entity-009245,entity-009246,entity-010535,,,
entity-009247,entity-009251,entity-009252,entity-009253,entity-009254,entity-009255,,,
entity-009256,entity-009258,entity-009259,entity-009260,entity-009261,,,,
entity-009262,entity-009099,entity-008732,entity-009264,entity-008824,,,,
entity-009265,entity-008824,entity-001931,entity-009264,entity-009266,,,,
entity-009267,entity-004132,entity-009269,entity-008787,entity-009271,entity-009270,,,
entity-009272,entity-009273,entity-009274,entity-009275,entity-009276,entity-009277,entity-009278,,
entity-009279,entity-009274,entity-009276,entity-009277,,,,,
entity-009280,entity-009282,entity-009283,entity-009284,entity-009285,,,,
entity-009286,entity-009273,entity-009274,entity-009275,entity-009276,entity-009277,entity-009278,,
entity-009287,entity-009274,entity-009276,entity-009277,entity-009278,,,,
entity-009288,entity-009289,entity-009290,entity-009291,entity-009292,entity-008787,entity-009293,,
entity-009294,entity-009295,entity-009296,entity-009297,entity-009298,entity-009299,entity-009300,,
entity-009301,entity-009273,entity-009274,entity-009275,entity-009276,entity-009277,entity-009278,,
entity-009302,entity-001478,entity-009304,entity-009314,entity-009315,entity-009316,entity-009317,,
entity-009318,entity-009264,entity-009320,entity-009137,entity-009321,,,,
entity-002071,entity-008406,entity-009323,entity-009324,entity-009325,,,,
entity-002077,entity-009326,entity-009327,entity-009328,entity-009329,,,,
entity-008344,entity-009330,entity-009331,entity-009332,entity-009333,entity-009334,,,
entity-009335,entity-009338,entity-009340,entity-009339,entity-009341,entity-009342,,,
entity-009343,entity-004628,entity-004629,entity-008797,entity-009344,,,,
entity-009345,entity-009282,entity-009347,entity-009348,entity-009349,entity-001931,entity-009350,,
entity-009351,entity-009352,entity-009353,entity-009354,entity-009355,entity-009356,entity-009357,,
entity-009359,entity-009360,entity-009361,entity-009362,entity-009362,entity-009363,,,
entity-009364,entity-010527,entity-010528,entity-010530,entity-010530,,,,
entity-009366,entity-009369,entity-009370,entity-009371,entity-009372,entity-009373,entity-009374,entity-009375,
entity-009376,entity-009379,entity-009380,entity-009380,entity-009381,entity-009382,,,
entity-009383,entity-009385,entity-009386,entity-009387,entity-009388,entity-009387,entity-009389,,
entity-009114,entity-008729,entity-008727,entity-009103,entity-009102,entity-008730,entity-009115,,
entity-008451,entity-009475,entity-004628,entity-009476,entity-009477,,,,
entity-009478,entity-009479,entity-009480,entity-009481,entity-009482,entity-009102,,,
entity-009483,entity-009484,entity-009485,entity-009486,entity-009487,,,,
entity-009488,entity-009489,entity-009480,entity-009490,entity-008280,,,,
entity-009491,entity-009495,entity-009496,entity-009497,entity-004154,entity-009498,entity-009499,,
entity-009500,entity-001931,entity-009348,entity-009501,entity-009502,entity-008838,entity-008824,,
entity-009503,entity-009506,entity-009507,entity-009508,entity-009509,,,,
entity-009510,entity-009506,entity-009507,entity-009508,entity-009509,,,,
entity-008791,entity-009515,entity-009516,entity-000928,entity-009517,entity-009518,entity-009519,,
entity-009520,entity-004641,entity-004642,entity-004643,entity-004644,entity-004645,entity-004646,,
entity-008785,entity-004641,entity-004642,entity-004643,entity-004644,entity-004645,entity-004646,,
entity-009521,entity-009522,entity-009523,entity-009524,entity-009525,entity-009526,,,
entity-009527,entity-009529,entity-009530,entity-009531,entity-009530,entity-009530,entity-008824,,
entity-009532,entity-009534,entity-009535,entity-009536,entity-009537,entity-009538,,,
entity-009539,entity-009540,entity-009541,entity-009542,entity-009543,,,,
entity-009544,entity-009545,entity-009546,entity-009547,entity-009549,entity-009548,entity-009550,,
entity-009551,entity-009552,entity-009553,entity-009554,entity-009555,,,,
entity-009556,entity-009559,entity-009560,,,,,,
entity-009561,entity-009563,entity-009564,entity-009566,entity-009567,entity-009568,entity-009568,entity-009569,
entity-009570,entity-009571,entity-009572,entity-009573,entity-009574,entity-009574,,,
entity-009575,entity-009576,entity-009577,entity-009578,entity-009579,,,,
entity-010523,entity-009581,entity-009581,entity-009582,,,,,
entity-009583,entity-009576,entity-009577,entity-009578,entity-009579,,,,
entity-009584,entity-009585,entity-009586,entity-009587,entity-009588,entity-009589,,,
entity-009590,entity-009352,entity-009171,entity-009592,entity-009594,entity-009595,entity-009594,,
entity-009596,entity-009597,entity-009598,entity-009599,entity-009600,,,,
entity-009601,entity-009545,entity-009546,entity-009602,entity-013580,entity-009603,entity-009604,,
entity-009605,entity-009607,entity-009608,entity-009611,entity-009613,entity-009614,entity-009616,entity-009617,
entity-009618,entity-009620,entity-009621,entity-009622,entity-009623,entity-010532,,,
entity-009624,entity-009626,entity-009627,entity-009628,entity-009633,,,,
entity-009634,entity-009586,entity-009638,entity-008808,entity-009639,entity-009317,entity-009640,,
entity-009641,entity-009644,entity-009646,entity-009648,entity-009650,entity-009652,entity-009654,,
entity-009656,entity-009660,entity-009646,entity-009648,entity-009662,entity-009664,entity-009666,,
entity-009668,entity-009669,entity-009670,entity-009671,entity-009672,entity-009673,,,
entity-009674,entity-009676,entity-001064,entity-009678,entity-009680,,,,
entity-009681,entity-009685,entity-013581,entity-009686,entity-009688,,,,
entity-009689,entity-009271,entity-008787,entity-009691,entity-009692,,,,
entity-009693,entity-009696,entity-009725,,,,,,
entity-009726,entity-009728,entity-009729,entity-009731,entity-009732,,,,
entity-009733,entity-009735,entity-009736,entity-009737,entity-009738,,,,
entity-009739,entity-009741,entity-009741,entity-009742,entity-009743,entity-009744,,,
entity-009745,entity-009747,entity-009748,entity-009749,entity-009750,,,,
entity-009751,entity-009753,entity-009754,entity-009755,entity-009756,,,,
entity-009757,entity-009759,entity-009760,entity-009762,entity-009763,,,,
entity-009764,entity-009766,entity-009767,entity-009768,entity-009769,,,,
entity-002052,entity-009753,entity-009755,entity-009771,entity-009772,,,,
entity-002054,entity-009774,entity-009775,entity-009776,entity-009777,,,,
entity-009778,entity-009780,entity-008824,entity-009781,entity-009782,,,,
entity-009783,entity-009785,entity-009786,entity-009787,entity-009781,,,,
entity-009788,entity-009790,entity-009791,entity-009792,entity-009793,,,,
entity-009795,entity-009798,entity-009799,entity-009253,entity-009800,,,,
entity-009801,entity-009142,entity-009803,entity-009804,entity-009271,,,,
entity-009805,entity-009807,entity-009808,entity-009809,entity-009810,,,,
entity-009811,entity-009812,entity-009782,entity-008824,entity-009813,,,,
entity-009814,entity-009816,entity-009817,entity-008787,entity-009692,,,,
entity-009818,entity-010533,entity-009759,entity-009820,entity-009821,,,,
entity-009822,entity-009826,entity-009827,entity-009828,entity-009829,,,,
entity-009830,entity-009832,entity-008787,entity-009271,entity-009692,,,,
entity-002059,entity-009833,entity-009834,entity-009835,entity-013583,,,,
entity-009836,entity-008870,entity-009142,entity-009841,,,,,
entity-009842,entity-009844,entity-009845,entity-009846,entity-009847,,,,
entity-009848,entity-009849,entity-009850,entity-009851,entity-009852,,,,
entity-009853,entity-009854,entity-009855,entity-009691,entity-009856,,,,
entity-009857,entity-009858,entity-009859,entity-009860,entity-009861,,,,
entity-009862,entity-009864,entity-009865,entity-009866,entity-009792,,,,
entity-009867,entity-007606,,,,,,,
entity-009867,entity-009868,entity-009869,entity-009870,entity-009871,,,,
entity-002061,entity-008786,entity-008824,entity-009886,entity-008870,,,,
entity-009887,entity-009889,entity-009890,entity-009568,entity-001455,,,,
entity-009891,entity-013585,entity-013587,entity-013589,,,,,
entity-009894,entity-009896,entity-009897,entity-009898,entity-001455,,,,
entity-009899,entity-009902,entity-009903,entity-009904,entity-009905,,,,
entity-009906,entity-009907,entity-009741,entity-009743,entity-009908,,,,
entity-009909,entity-009568,entity-009912,entity-009913,entity-009915,,,,
entity-009917,entity-009812,entity-009782,entity-009782,entity-008824,entity-009813,,,
entity-009919,entity-009921,entity-009922,entity-009924,entity-009925,,,,
entity-008372,entity-009928,entity-009930,,,,,,
entity-009931,entity-007677,entity-009935,entity-009938,,,,,
entity-009942,entity-009943,entity-009945,,,,,,
entity-009946,entity-009953,entity-009955,entity-009956,,,,,
entity-009958,entity-013591,entity-009962,entity-009964,entity-009965,,,,
entity-009971,entity-009975,,,,,,,
entity-009978,entity-009980,entity-009982,entity-009983,entity-009984,entity-009984,,,
entity-009985,entity-001241,entity-007787,entity-009986,entity-007962,entity-009987,entity-009988,,
entity-009989,entity-009990,entity-009992,,,,,,
entity-009993,entity-006296,entity-010153,,,,,,
entity-009997,entity-010001,entity-010002,entity-010003,entity-010004,,,,
entity-010005,entity-009540,entity-010007,entity-010008,entity-010009,,,,
entity-006836,entity-010011,entity-010012,entity-010013,entity-010014,,,,
entity-010015,entity-002124,entity-007694,,,,,,
entity-010017,entity-010019,entity-013592,entity-010020,entity-010021,entity-010022,,,
entity-010024,entity-010027,entity-010028,entity-010029,entity-010030,,,,
entity-010031,entity-010036,entity-010033,entity-010034,,,,,
entity-010039,entity-010039,entity-010040,entity-010053,,,,,
entity-010054,entity-010056,entity-013593,,,,,,
entity-010057,entity-007694,entity-010056,,,,,,
entity-010061,entity-010062,entity-010063,,,,,,
entity-010064,entity-010067,entity-010068,,,,,,
entity-010069,entity-010070,entity-010071,,,,,,
entity-010072,entity-010074,entity-010075,entity-010075,,,,,
entity-010076,entity-010077,entity-010078,,,,,,
entity-010080,entity-010600,entity-010082,entity-010083,,,,,
entity-010084,entity-010085,entity-010086,,,,,,
entity-010087,entity-009503,entity-009510,,,,,,
entity-010089,entity-010086,entity-010091,,,,,,
entity-010092,entity-010093,entity-010094,,,,,,
entity-010095,entity-010096,entity-010097,,,,,,
entity-010098,entity-010101,entity-013596,,,,,,
entity-010102,entity-004647,entity-004648,,,,,,
entity-010106,entity-004647,entity-004648,,,,,,
entity-010108,entity-010110,entity-010111,,,,,,
entity-010112,entity-010114,entity-010115,entity-010116,entity-010117,entity-004056,entity-010117,,
entity-010118,entity-004649,entity-004650,entity-004651,entity-004653,entity-004652,entity-004059,,
entity-010119,entity-004649,entity-004650,entity-004651,entity-004653,entity-004652,entity-004059,,
entity-010120,entity-010121,entity-010122,,,,,,
entity-010124,entity-010125,entity-010127,,,,,,
entity-010129,entity-010130,entity-010131,entity-010132,entity-010133,,,,
entity-006833,entity-010071,entity-010137,entity-010139,,,,,
entity-010140,entity-010142,entity-010143,,,,,,
entity-010144,entity-010147,entity-007795,entity-010148,,,,,
entity-008425,entity-007989,entity-010150,entity-007990,,,,,
entity-010151,entity-010154,entity-010155,entity-010156,,,,,
entity-010157,entity-010159,entity-010160,entity-010161,entity-010162,,,,
entity-006834,entity-010166,entity-010167,entity-010168,entity-010169,,,,
entity-002078,entity-010170,entity-010171,,,,,,
entity-010172,entity-008429,entity-010174,,,,,,
entity-010175,entity-010179,entity-010180,entity-010181,entity-010182,,,,
entity-010183,entity-010184,entity-010185,,,,,,
entity-010186,entity-010187,entity-008425,,,,,,
entity-010188,entity-010452,entity-010453,,,,,,
entity-010454,entity-010456,entity-010457,entity-010459,,,,,
entity-010460,entity-010452,entity-010453,,,,,,
entity-010463,entity-010465,entity-010466,entity-010467,entity-010468,,,,
entity-010472,entity-010474,entity-010475,entity-010476,entity-010477,,,,
entity-010503,entity-010504,entity-013601,,,,,,
